prompt,score,room,class_prob
a photo of a kitchen,0.22081021964550018,kitchen,0.20146110369327289
the interior of a kitchen,0.18812160193920135,kitchen,0.20146110369327289
an everyday kitchen,0.22750461101531982,kitchen,0.20146110369327289
a realistic kitchen,0.1827402412891388,kitchen,0.20146110369327289
a kitchen with typical furniture,0.14990675449371338,kitchen,0.20146110369327289
a photo of a home kitchen,0.20050747692584991,kitchen,0.20146110369327289
the interior of a home kitchen,0.18327343463897705,kitchen,0.20146110369327289
an everyday home kitchen,0.2100183218717575,kitchen,0.20146110369327289
a realistic home kitchen,0.16558986902236938,kitchen,0.20146110369327289
a home kitchen with typical furniture,0.14558497071266174,kitchen,0.20146110369327289
a photo of a domestic kitchen,0.2170904576778412,kitchen,0.20146110369327289
the interior of a domestic kitchen,0.18994633853435516,kitchen,0.20146110369327289
an everyday domestic kitchen,0.23193880915641785,kitchen,0.20146110369327289
a realistic domestic kitchen,0.18461768329143524,kitchen,0.20146110369327289
a domestic kitchen with typical furniture,0.15350911021232605,kitchen,0.20146110369327289
a photo of a cooking area,0.17952582240104675,kitchen,0.20146110369327289
the interior of a cooking area,0.16566383838653564,kitchen,0.20146110369327289
an everyday cooking area,0.19089561700820923,kitchen,0.20146110369327289
a realistic cooking area,0.17133285105228424,kitchen,0.20146110369327289
a cooking area with typical furniture,0.13919109106063843,kitchen,0.20146110369327289
a photo of a galley kitchen,0.1709054410457611,kitchen,0.20146110369327289
the interior of a galley kitchen,0.16730450093746185,kitchen,0.20146110369327289
an everyday galley kitchen,0.19425776600837708,kitchen,0.20146110369327289
a realistic galley kitchen,0.15705981850624084,kitchen,0.20146110369327289
a galley kitchen with typical furniture,0.13226179778575897,kitchen,0.20146110369327289
kitchen with a bathroom sink,0.18649278581142426,kitchen,0.20146110369327289
kitchen with a kitchen sink,0.2010764330625534,kitchen,0.20146110369327289
kitchen showing a toilet seat,0.1973714530467987,kitchen,0.20146110369327289
kitchen showing a bed,0.18775424361228943,kitchen,0.20146110369327289
kitchen showing a sofa,0.18611428141593933,kitchen,0.20146110369327289
home kitchen with a bathroom sink,0.17882566154003143,kitchen,0.20146110369327289
home kitchen with a kitchen sink,0.19150404632091522,kitchen,0.20146110369327289
home kitchen showing a toilet seat,0.189906045794487,kitchen,0.20146110369327289
home kitchen showing a bed,0.18042179942131042,kitchen,0.20146110369327289
home kitchen showing a sofa,0.17939023673534393,kitchen,0.20146110369327289
domestic kitchen with a bathroom sink,0.1942746639251709,kitchen,0.20146110369327289
domestic kitchen with a kitchen sink,0.2015320062637329,kitchen,0.20146110369327289
domestic kitchen showing a toilet seat,0.18596673011779785,kitchen,0.20146110369327289
domestic kitchen showing a bed,0.1764030158519745,kitchen,0.20146110369327289
domestic kitchen showing a sofa,0.17711874842643738,kitchen,0.20146110369327289
a microwave next to a wall in a kitchen,0.17733274400234222,kitchen,0.20146110369327289
a top-down showing brewing coffee in the galley kitchen,0.17203330993652344,kitchen,0.20146110369327289
a low angle of a dish rack in a domestic kitchen,0.2090202271938324,kitchen,0.20146110369327289
POV in the home kitchen looking at the microwave,0.23631329834461212,kitchen,0.20146110369327289
a cropped of a refrigerator in a kitchen,0.20093412697315216,kitchen,0.20146110369327289
a galley kitchen containing a oven,0.15027333796024323,kitchen,0.20146110369327289
a galley kitchen countertop showing a pantry shelves,0.1296023577451706,kitchen,0.20146110369327289
a low angle of a countertop in a cooking area,0.18638309836387634,kitchen,0.20146110369327289
a bar stools next to a wall in a kitchen,0.17289993166923523,kitchen,0.20146110369327289
a top-down of a kettle in a home kitchen,0.1932857781648636,kitchen,0.20146110369327289
the corner of a home kitchen showing a gas stove,0.15842631459236145,kitchen,0.20146110369327289
a low angle showing brewing coffee in the galley kitchen,0.18852968513965607,kitchen,0.20146110369327289
a cooking area countertop showing a kitchen sink,0.1609923094511032,kitchen,0.20146110369327289
a close-up of a dish rack in a domestic kitchen,0.17632904648780823,kitchen,0.20146110369327289
a kitchen containing a pantry shelves,0.16142314672470093,kitchen,0.20146110369327289
a close-up of a bar stools in a galley kitchen,0.14156095683574677,kitchen,0.20146110369327289
a bright daylight of a galley kitchen,0.1591518372297287,kitchen,0.20146110369327289
a top-down of a gas stove in a cooking area,0.16175885498523712,kitchen,0.20146110369327289
a cropped of a range hood in a cooking area,0.17729893326759338,kitchen,0.20146110369327289
a cropped of a oven in a home kitchen,0.18718333542346954,kitchen,0.20146110369327289
a kitchen countertop showing a knife block,0.1457059383392334,kitchen,0.20146110369327289
a home kitchen countertop showing a spice rack,0.14191977679729462,kitchen,0.20146110369327289
a top-down of a blender in a domestic kitchen,0.19525061547756195,kitchen,0.20146110369327289
a home kitchen with a spice rack,0.1573423445224762,kitchen,0.20146110369327289
a partial view showing chopping vegetables in the galley kitchen,0.15331432223320007,kitchen,0.20146110369327289
a dim lighting of a home kitchen,0.21204595267772675,kitchen,0.20146110369327289
POV in the domestic kitchen looking at the dish soap,0.2419928014278412,kitchen,0.20146110369327289
a corner of the room of a range hood in a home kitchen,0.17472822964191437,kitchen,0.20146110369327289
signs of cooking dinner in a domestic kitchen,0.20316755771636963,kitchen,0.20146110369327289
a domestic kitchen with a pots and pans,0.17960849404335022,kitchen,0.20146110369327289
a cropped of a fridge in a cooking area,0.193093940615654,kitchen,0.20146110369327289
a low angle of a spice rack in a cooking area,0.18371927738189697,kitchen,0.20146110369327289
a close-up of a refrigerator in a kitchen,0.17958733439445496,kitchen,0.20146110369327289
the corner of a galley kitchen showing a kitchen sink,0.17170751094818115,kitchen,0.20146110369327289
a kitchen containing a paper towel holder,0.17443928122520447,kitchen,0.20146110369327289
a cool-toned light of a home kitchen,0.15583905577659607,kitchen,0.20146110369327289
a domestic kitchen containing a toaster,0.1920594871044159,kitchen,0.20146110369327289
a smartphone photo of a home kitchen,0.21286556124687195,kitchen,0.20146110369327289
the corner of a kitchen showing a microwave,0.19034302234649658,kitchen,0.20146110369327289
a close-up of a gas stove in a kitchen,0.14840373396873474,kitchen,0.20146110369327289
a close-up of a paper towel holder in a cooking area,0.1522631198167801,kitchen,0.20146110369327289
a partial view of a bar stools in a domestic kitchen,0.16073660552501678,kitchen,0.20146110369327289
a corner of the room of a fridge in a kitchen,0.19805172085762024,kitchen,0.20146110369327289
POV in the home kitchen looking at the induction cooktop,0.21799978613853455,kitchen,0.20146110369327289
signs of chopping vegetables in a galley kitchen,0.1952979564666748,kitchen,0.20146110369327289
a corner of the room of a paper towel holder in a domestic kitchen,0.17665651440620422,kitchen,0.20146110369327289
a home kitchen countertop showing a toaster,0.17212018370628357,kitchen,0.20146110369327289
the corner of a domestic kitchen showing a toaster,0.18847236037254333,kitchen,0.20146110369327289
a partial view of a paper towel holder in a domestic kitchen,0.1740064024925232,kitchen,0.20146110369327289
a cropped showing prepping food in the domestic kitchen,0.18594655394554138,kitchen,0.20146110369327289
a photo of a bathroom,0.23389950394630432,bathroom,0.20345741194972547
the interior of a bathroom,0.199625164270401,bathroom,0.20345741194972547
an everyday bathroom,0.2239009439945221,bathroom,0.20345741194972547
a realistic bathroom,0.1977485716342926,bathroom,0.20345741194972547
a bathroom with typical furniture,0.17812755703926086,bathroom,0.20345741194972547
a photo of a washroom,0.21632179617881775,bathroom,0.20345741194972547
the interior of a washroom,0.18847644329071045,bathroom,0.20345741194972547
an everyday washroom,0.2100892812013626,bathroom,0.20345741194972547
a realistic washroom,0.19611212611198425,bathroom,0.20345741194972547
a washroom with typical furniture,0.15901413559913635,bathroom,0.20345741194972547
a photo of a restroom,0.2076837569475174,bathroom,0.20345741194972547
the interior of a restroom,0.18302667140960693,bathroom,0.20345741194972547
an everyday restroom,0.2016030251979828,bathroom,0.20345741194972547
a realistic restroom,0.18010267615318298,bathroom,0.20345741194972547
a restroom with typical furniture,0.16763576865196228,bathroom,0.20345741194972547
a photo of a toilet room,0.2180948257446289,bathroom,0.20345741194972547
the interior of a toilet room,0.19554860889911652,bathroom,0.20345741194972547
an everyday toilet room,0.22118952870368958,bathroom,0.20345741194972547
a realistic toilet room,0.19326722621917725,bathroom,0.20345741194972547
a toilet room with typical furniture,0.16955862939357758,bathroom,0.20345741194972547
a photo of a lavatory,0.21727637946605682,bathroom,0.20345741194972547
the interior of a lavatory,0.19104062020778656,bathroom,0.20345741194972547
an everyday lavatory,0.20771217346191406,bathroom,0.20345741194972547
a realistic lavatory,0.19191387295722961,bathroom,0.20345741194972547
a lavatory with typical furniture,0.16423912346363068,bathroom,0.20345741194972547
bathroom with a bathroom sink,0.19536158442497253,bathroom,0.20345741194972547
bathroom with a kitchen sink,0.19673149287700653,bathroom,0.20345741194972547
bathroom showing a toilet seat,0.1966530978679657,bathroom,0.20345741194972547
bathroom showing a bed,0.20620664954185486,bathroom,0.20345741194972547
bathroom showing a sofa,0.19991770386695862,bathroom,0.20345741194972547
washroom with a bathroom sink,0.19494876265525818,bathroom,0.20345741194972547
washroom with a kitchen sink,0.1983516663312912,bathroom,0.20345741194972547
washroom showing a toilet seat,0.1881178915500641,bathroom,0.20345741194972547
washroom showing a bed,0.19702330231666565,bathroom,0.20345741194972547
washroom showing a sofa,0.1896149069070816,bathroom,0.20345741194972547
restroom with a bathroom sink,0.1800857037305832,bathroom,0.20345741194972547
restroom with a kitchen sink,0.1896335780620575,bathroom,0.20345741194972547
restroom showing a toilet seat,0.1720106601715088,bathroom,0.20345741194972547
restroom showing a bed,0.19660906493663788,bathroom,0.20345741194972547
restroom showing a sofa,0.1865042746067047,bathroom,0.20345741194972547
signs of taking a shower in a restroom,0.20279519259929657,bathroom,0.20345741194972547
a washroom with a toothbrush,0.2142554223537445,bathroom,0.20345741194972547
a top-down showing shaving in the bathroom,0.23913700878620148,bathroom,0.20345741194972547
a partial view showing taking a shower in the toilet room,0.23086929321289062,bathroom,0.20345741194972547
a partial view of a toothpaste in a toilet room,0.18932576477527618,bathroom,0.20345741194972547
a lavatory containing a bathtub,0.18983514606952667,bathroom,0.20345741194972547
a cropped of a toothbrush in a washroom,0.19730308651924133,bathroom,0.20345741194972547
a close-up of a bath mat in a toilet room,0.16016626358032227,bathroom,0.20345741194972547
the corner of a lavatory showing a toilet seat,0.17979860305786133,bathroom,0.20345741194972547
a corner of the room of a shower curtain in a restroom,0.18018102645874023,bathroom,0.20345741194972547
the corner of a restroom showing a hair dryer,0.1861250102519989,bathroom,0.20345741194972547
a restroom with a towel rack,0.1872490644454956,bathroom,0.20345741194972547
a top-down of a mirror in a lavatory,0.1988726109266281,bathroom,0.20345741194972547
a top-down showing applying makeup in the bathroom,0.22926168143749237,bathroom,0.20345741194972547
a cropped of a bathroom sink in a bathroom,0.1890566647052765,bathroom,0.20345741194972547
POV in the restroom looking at the toilet paper holder,0.2230745255947113,bathroom,0.20345741194972547
a partial view showing shaving in the washroom,0.23222625255584717,bathroom,0.20345741194972547
a low angle of a bathroom sink in a lavatory,0.19181187450885773,bathroom,0.20345741194972547
a lavatory with a soap dispenser,0.1777416169643402,bathroom,0.20345741194972547
a toilet room where someone is brushing teeth,0.2066892385482788,bathroom,0.20345741194972547
a cropped of a soap dispenser in a bathroom,0.18239250779151917,bathroom,0.20345741194972547
a low angle showing washing hands in the washroom,0.2077694684267044,bathroom,0.20345741194972547
a close-up of a bath mat in a bathroom,0.1691434532403946,bathroom,0.20345741194972547
POV in the lavatory looking at the toilet,0.2221166342496872,bathroom,0.20345741194972547
a corner of the room of a bath mat in a washroom,0.17727108299732208,bathroom,0.20345741194972547
a cropped of a toothbrush in a bathroom,0.20520834624767303,bathroom,0.20345741194972547
a close-up of a toilet seat in a washroom,0.16692763566970825,bathroom,0.20345741194972547
a top-down of a mirror in a toilet room,0.198196679353714,bathroom,0.20345741194972547
a corner of the room showing shaving in the washroom,0.22270731627941132,bathroom,0.20345741194972547
a washroom containing a bathtub,0.1825387179851532,bathroom,0.20345741194972547
a corner of the room of a toothbrush in a restroom,0.16558583080768585,bathroom,0.20345741194972547
the corner of a restroom showing a shower curtain,0.18515326082706451,bathroom,0.20345741194972547
a cropped of a shower curtain in a bathroom,0.22278115153312683,bathroom,0.20345741194972547
a top-down of a bathroom,0.20113089680671692,bathroom,0.20345741194972547
POV in the restroom looking at the bathroom sink,0.21435324847698212,bathroom,0.20345741194972547
a low angle of a bath mat in a restroom,0.17113110423088074,bathroom,0.20345741194972547
a low angle of a razor in a toilet room,0.1953429877758026,bathroom,0.20345741194972547
POV in the restroom looking at the shower,0.23080308735370636,bathroom,0.20345741194972547
a top-down showing taking a shower in the washroom,0.23658983409404755,bathroom,0.20345741194972547
a top-down of a medicine cabinet in a toilet room,0.1861412078142166,bathroom,0.20345741194972547
a corner of the room showing washing hands in the toilet room,0.17723414301872253,bathroom,0.20345741194972547
a close-up of a washroom,0.18904495239257812,bathroom,0.20345741194972547
a top-down of a toothpaste in a washroom,0.18817107379436493,bathroom,0.20345741194972547
POV in the toilet room looking at the toothbrush,0.23285195231437683,bathroom,0.20345741194972547
a cropped showing using the toilet in the restroom,0.23341533541679382,bathroom,0.20345741194972547
a toilet room containing a toilet paper holder,0.19117534160614014,bathroom,0.20345741194972547
a top-down showing taking a shower in the restroom,0.22041158378124237,bathroom,0.20345741194972547
the corner of a lavatory showing a shower,0.20450155436992645,bathroom,0.20345741194972547
a close-up of a shower curtain in a bathroom,0.20637595653533936,bathroom,0.20345741194972547
POV in the washroom looking at the razor,0.2241753786802292,bathroom,0.20345741194972547
a photo of a living room,0.21602892875671387,living room,0.2001117057889797
the interior of a living room,0.18215973675251007,living room,0.2001117057889797
an everyday living room,0.20673823356628418,living room,0.2001117057889797
a realistic living room,0.16957256197929382,living room,0.2001117057889797
a living room with typical furniture,0.14747636020183563,living room,0.2001117057889797
a photo of a lounge,0.20984160900115967,living room,0.2001117057889797
the interior of a lounge,0.18147887289524078,living room,0.2001117057889797
an everyday lounge,0.21609458327293396,living room,0.2001117057889797
a realistic lounge,0.18941669166088104,living room,0.2001117057889797
a lounge with typical furniture,0.15137170255184174,living room,0.2001117057889797
a photo of a sitting room,0.19111502170562744,living room,0.2001117057889797
the interior of a sitting room,0.164167121052742,living room,0.2001117057889797
an everyday sitting room,0.18634085357189178,living room,0.2001117057889797
a realistic sitting room,0.1605975180864334,living room,0.2001117057889797
a sitting room with typical furniture,0.1329074203968048,living room,0.2001117057889797
a photo of a family room,0.18509019911289215,living room,0.2001117057889797
the interior of a family room,0.1611204445362091,living room,0.2001117057889797
an everyday family room,0.19254907965660095,living room,0.2001117057889797
a realistic family room,0.15593785047531128,living room,0.2001117057889797
a family room with typical furniture,0.13185489177703857,living room,0.2001117057889797
a photo of a living area,0.20416836440563202,living room,0.2001117057889797
the interior of a living area,0.17450964450836182,living room,0.2001117057889797
an everyday living area,0.20664742588996887,living room,0.2001117057889797
a realistic living area,0.17208611965179443,living room,0.2001117057889797
a living area with typical furniture,0.14935748279094696,living room,0.2001117057889797
living room with a bathroom sink,0.18471667170524597,living room,0.2001117057889797
living room with a kitchen sink,0.18611863255500793,living room,0.2001117057889797
living room showing a toilet seat,0.19028016924858093,living room,0.2001117057889797
living room showing a bed,0.17684218287467957,living room,0.2001117057889797
living room showing a sofa,0.17236106097698212,living room,0.2001117057889797
lounge with a bathroom sink,0.1803978830575943,living room,0.2001117057889797
lounge with a kitchen sink,0.18716806173324585,living room,0.2001117057889797
lounge showing a toilet seat,0.20538023114204407,living room,0.2001117057889797
lounge showing a bed,0.18942438066005707,living room,0.2001117057889797
lounge showing a sofa,0.18602144718170166,living room,0.2001117057889797
sitting room with a bathroom sink,0.18155793845653534,living room,0.2001117057889797
sitting room with a kitchen sink,0.18714389204978943,living room,0.2001117057889797
sitting room showing a toilet seat,0.17969460785388947,living room,0.2001117057889797
sitting room showing a bed,0.1637413054704666,living room,0.2001117057889797
sitting room showing a sofa,0.16113939881324768,living room,0.2001117057889797
a sitting room containing a armchair,0.15810802578926086,living room,0.2001117057889797
a partial view of a floor lamp in a sitting room,0.1623069792985916,living room,0.2001117057889797
the corner of a family room showing a wall art,0.17472587525844574,living room,0.2001117057889797
the corner of a family room showing a sofa,0.17405402660369873,living room,0.2001117057889797
a partial view of a table lamp in a sitting room,0.15794341266155243,living room,0.2001117057889797
a lounge countertop showing a mantel,0.1533336043357849,living room,0.2001117057889797
a lounge countertop showing a throw pillow,0.15127374231815338,living room,0.2001117057889797
POV in the living room looking at the rug,0.19717951118946075,living room,0.2001117057889797
a low angle showing watching TV in the living room,0.22538721561431885,living room,0.2001117057889797
a in a mirror reflection of a living area,0.22226254642009735,living room,0.2001117057889797
a corner of the room of a bookshelf in a sitting room,0.18802350759506226,living room,0.2001117057889797
a partial view of a indoor plant in a living area,0.19292035698890686,living room,0.2001117057889797
a partial view of a remote control in a lounge,0.18221032619476318,living room,0.2001117057889797
the corner of a sitting room showing a rug,0.1641170084476471,living room,0.2001117057889797
POV in the living area looking at the TV stand,0.1876300871372223,living room,0.2001117057889797
a partial view showing relaxing on the couch in the family room,0.1799582540988922,living room,0.2001117057889797
a low angle of a rug in a living area,0.19501128792762756,living room,0.2001117057889797
a partial view showing reading on the sofa in the living area,0.1749582588672638,living room,0.2001117057889797
a family room countertop showing a rug,0.1393309235572815,living room,0.2001117057889797
a top-down of a TV stand in a family room,0.16946271061897278,living room,0.2001117057889797
a close-up of a couch in a lounge,0.18175284564495087,living room,0.2001117057889797
a corner of the room of a coffee table in a sitting room,0.18103450536727905,living room,0.2001117057889797
a coffee table next to a wall in a sitting room,0.151877298951149,living room,0.2001117057889797
a partial view of a coffee table in a living area,0.16254568099975586,living room,0.2001117057889797
a sitting room with a armchair,0.1654699742794037,living room,0.2001117057889797
a low angle of a curtains in a living area,0.22020256519317627,living room,0.2001117057889797
a partial view of a TV stand in a living room,0.16158850491046906,living room,0.2001117057889797
a corner of the room of a TV stand in a living room,0.18707744777202606,living room,0.2001117057889797
POV in the lounge looking at the side table,0.19263216853141785,living room,0.2001117057889797
a in a mirror reflection of a lounge,0.219733327627182,living room,0.2001117057889797
a living room countertop showing a wall art,0.16474181413650513,living room,0.2001117057889797
a cropped of a floor lamp in a living area,0.19040648639202118,living room,0.2001117057889797
a close-up of a curtains in a lounge,0.17645809054374695,living room,0.2001117057889797
a lounge countertop showing a sectional,0.14829272031784058,living room,0.2001117057889797
the corner of a living room showing a armchair,0.17285862565040588,living room,0.2001117057889797
a living area containing a mantel,0.16791173815727234,living room,0.2001117057889797
a coffee table next to a wall in a living room,0.16348855197429657,living room,0.2001117057889797
a cropped of a sofa in a family room,0.18671631813049316,living room,0.2001117057889797
a top-down of a floor lamp in a living room,0.18812552094459534,living room,0.2001117057889797
POV in the living area looking at the coffee table,0.18054768443107605,living room,0.2001117057889797
a top-down showing relaxing on the couch in the living area,0.19729474186897278,living room,0.2001117057889797
a living room countertop showing a mantel,0.1570410132408142,living room,0.2001117057889797
a low angle of a floor lamp in a living room,0.1989719122648239,living room,0.2001117057889797
a in a mirror reflection of a family room,0.22755327820777893,living room,0.2001117057889797
a low angle of a game console in a living area,0.18429994583129883,living room,0.2001117057889797
a top-down of a TV in a family room,0.1952495127916336,living room,0.2001117057889797
a living area with a soundbar,0.18571212887763977,living room,0.2001117057889797
a close-up of a floor lamp in a living area,0.15805049240589142,living room,0.2001117057889797
a partial view showing playing video games in the sitting room,0.18572142720222473,living room,0.2001117057889797
the corner of a family room showing a curtains,0.18843668699264526,living room,0.2001117057889797
a photo of a bedroom,0.23381376266479492,bedroom,0.20077654650042231
the interior of a bedroom,0.19860632717609406,bedroom,0.20077654650042231
an everyday bedroom,0.23775020241737366,bedroom,0.20077654650042231
a realistic bedroom,0.19665677845478058,bedroom,0.20077654650042231
a bedroom with typical furniture,0.16067290306091309,bedroom,0.20077654650042231
a photo of a sleeping room,0.21371467411518097,bedroom,0.20077654650042231
the interior of a sleeping room,0.19146928191184998,bedroom,0.20077654650042231
an everyday sleeping room,0.2160683572292328,bedroom,0.20077654650042231
a realistic sleeping room,0.18686850368976593,bedroom,0.20077654650042231
a sleeping room with typical furniture,0.15587760508060455,bedroom,0.20077654650042231
a photo of a master bedroom,0.2093244343996048,bedroom,0.20077654650042231
the interior of a master bedroom,0.19274666905403137,bedroom,0.20077654650042231
an everyday master bedroom,0.20996244251728058,bedroom,0.20077654650042231
a realistic master bedroom,0.1805410385131836,bedroom,0.20077654650042231
a master bedroom with typical furniture,0.1532466858625412,bedroom,0.20077654650042231
a photo of a guest bedroom,0.1937190443277359,bedroom,0.20077654650042231
the interior of a guest bedroom,0.18844500184059143,bedroom,0.20077654650042231
an everyday guest bedroom,0.20401740074157715,bedroom,0.20077654650042231
a realistic guest bedroom,0.17270131409168243,bedroom,0.20077654650042231
a guest bedroom with typical furniture,0.14730426669120789,bedroom,0.20077654650042231
bedroom with a bathroom sink,0.19464677572250366,bedroom,0.20077654650042231
bedroom with a kitchen sink,0.19574317336082458,bedroom,0.20077654650042231
bedroom showing a toilet seat,0.2031313180923462,bedroom,0.20077654650042231
bedroom showing a bed,0.18743696808815002,bedroom,0.20077654650042231
bedroom showing a sofa,0.18566885590553284,bedroom,0.20077654650042231
sleeping room with a bathroom sink,0.19601190090179443,bedroom,0.20077654650042231
sleeping room with a kitchen sink,0.1928676813840866,bedroom,0.20077654650042231
sleeping room showing a toilet seat,0.1957542449235916,bedroom,0.20077654650042231
sleeping room showing a bed,0.1886720508337021,bedroom,0.20077654650042231
sleeping room showing a sofa,0.18526089191436768,bedroom,0.20077654650042231
master bedroom with a bathroom sink,0.17218036949634552,bedroom,0.20077654650042231
master bedroom with a kitchen sink,0.17055842280387878,bedroom,0.20077654650042231
master bedroom showing a toilet seat,0.19206932187080383,bedroom,0.20077654650042231
master bedroom showing a bed,0.173574298620224,bedroom,0.20077654650042231
master bedroom showing a sofa,0.1733366698026657,bedroom,0.20077654650042231
guest bedroom with a bathroom sink,0.16368910670280457,bedroom,0.20077654650042231
guest bedroom with a kitchen sink,0.16409596800804138,bedroom,0.20077654650042231
guest bedroom showing a toilet seat,0.18108363449573517,bedroom,0.20077654650042231
guest bedroom showing a bed,0.16050036251544952,bedroom,0.20077654650042231
guest bedroom showing a sofa,0.15462626516819,bedroom,0.20077654650042231
a cropped of a bunk bed in a bedroom,0.1986180990934372,bedroom,0.20077654650042231
a corner of the room showing folding clothes in the sleeping room,0.1634492129087448,bedroom,0.20077654650042231
a corner of the room of a bed in a bedroom,0.20961889624595642,bedroom,0.20077654650042231
a close-up showing folding clothes in the guest bedroom,0.18466074764728546,bedroom,0.20077654650042231
a low angle of a mirror in a sleeping room,0.209673210978508,bedroom,0.20077654650042231
a cropped of a headboard in a guest bedroom,0.17185387015342712,bedroom,0.20077654650042231
a corner of the room showing getting dressed in the master bedroom,0.17277200520038605,bedroom,0.20077654650042231
a top-down of a bed in a sleeping room,0.195965975522995,bedroom,0.20077654650042231
a corner of the room of a wardrobe in a guest bedroom,0.18894529342651367,bedroom,0.20077654650042231
a top-down of a headboard in a bedroom,0.20712821185588837,bedroom,0.20077654650042231
a low angle of a vanity table in a guest bedroom,0.19373202323913574,bedroom,0.20077654650042231
POV in the sleeping room looking at the nightstand,0.23824603855609894,bedroom,0.20077654650042231
a guest bedroom with a vanity table,0.15618851780891418,bedroom,0.20077654650042231
a low angle of a headboard in a master bedroom,0.1892007738351822,bedroom,0.20077654650042231
a top-down of a crib in a bedroom,0.19486062228679657,bedroom,0.20077654650042231
a partial view showing sleeping in the bedroom,0.1974862813949585,bedroom,0.20077654650042231
a cropped showing reading in bed in the master bedroom,0.2118242233991623,bedroom,0.20077654650042231
a guest bedroom with a headboard,0.15436947345733643,bedroom,0.20077654650042231
a corner of the room of a laundry basket in a bedroom,0.20358960330486298,bedroom,0.20077654650042231
a close-up of a dresser in a master bedroom,0.16811740398406982,bedroom,0.20077654650042231
a bedsheet next to a wall in a sleeping room,0.19583949446678162,bedroom,0.20077654650042231
a low angle of a bedsheet in a master bedroom,0.2148582935333252,bedroom,0.20077654650042231
a low angle showing sleeping in the sleeping room,0.21888962388038635,bedroom,0.20077654650042231
a low angle of a closet in a guest bedroom,0.19913426041603088,bedroom,0.20077654650042231
a guest bedroom countertop showing a alarm clock,0.1771797239780426,bedroom,0.20077654650042231
a close-up of a wardrobe in a master bedroom,0.16953834891319275,bedroom,0.20077654650042231
a cropped showing getting dressed in the guest bedroom,0.23543623089790344,bedroom,0.20077654650042231
a bedroom countertop showing a headboard,0.17714938521385193,bedroom,0.20077654650042231
a low angle of a pillow in a master bedroom,0.21332888305187225,bedroom,0.20077654650042231
a corner of the room of a bedside lamp in a sleeping room,0.19593662023544312,bedroom,0.20077654650042231
a top-down of a nightstand in a guest bedroom,0.19946487247943878,bedroom,0.20077654650042231
a partial view showing folding clothes in the master bedroom,0.1762237548828125,bedroom,0.20077654650042231
a sleeping room containing a nightstand,0.18108002841472626,bedroom,0.20077654650042231
a partial view showing making the bed in the bedroom,0.17892341315746307,bedroom,0.20077654650042231
the corner of a guest bedroom showing a nightstand,0.17828577756881714,bedroom,0.20077654650042231
a partial view of a pillow in a guest bedroom,0.18119612336158752,bedroom,0.20077654650042231
a close-up of a closet in a guest bedroom,0.1641884446144104,bedroom,0.20077654650042231
a top-down of a nightstand in a master bedroom,0.19633564352989197,bedroom,0.20077654650042231
a low angle of a alarm clock in a guest bedroom,0.22957715392112732,bedroom,0.20077654650042231
a low angle of a alarm clock in a bedroom,0.23838619887828827,bedroom,0.20077654650042231
a corner of the room of a pillow in a bedroom,0.20446129143238068,bedroom,0.20077654650042231
a low angle of a blanket in a master bedroom,0.21820449829101562,bedroom,0.20077654650042231
a corner of the room showing making the bed in the guest bedroom,0.15593136847019196,bedroom,0.20077654650042231
a GoPro frame of a guest bedroom,0.24509263038635254,bedroom,0.20077654650042231
a blanket next to a wall in a bedroom,0.19830694794654846,bedroom,0.20077654650042231
the corner of a sleeping room showing a duvet,0.19669227302074432,bedroom,0.20077654650042231
a sleeping room containing a bunk bed,0.18307790160179138,bedroom,0.20077654650042231
signs of getting dressed in a bedroom,0.2366664707660675,bedroom,0.20077654650042231
a sleeping room with a crib,0.16711020469665527,bedroom,0.20077654650042231
a partial view of a dresser in a sleeping room,0.1750156134366989,bedroom,0.20077654650042231
a photo of a garden,0.18713773787021637,outside,0.19419323206759959
the interior of a garden,0.1744743138551712,outside,0.19419323206759959
an everyday garden,0.2108265906572342,outside,0.19419323206759959
a realistic garden,0.17879892885684967,outside,0.19419323206759959
a garden with typical furniture,0.12052546441555023,outside,0.19419323206759959
a photo of a backyard,0.2020157128572464,outside,0.19419323206759959
the interior of a backyard,0.16944041848182678,outside,0.19419323206759959
an everyday backyard,0.19144408404827118,outside,0.19419323206759959
a realistic backyard,0.15507598221302032,outside,0.19419323206759959
a backyard with typical furniture,0.13596543669700623,outside,0.19419323206759959
a photo of a outdoors,0.2013237178325653,outside,0.19419323206759959
the interior of a outdoors,0.1863093078136444,outside,0.19419323206759959
an everyday outdoors,0.2070828378200531,outside,0.19419323206759959
a realistic outdoors,0.1908169984817505,outside,0.19419323206759959
a outdoors with typical furniture,0.15307697653770447,outside,0.19419323206759959
a photo of a patio,0.18917767703533173,outside,0.19419323206759959
the interior of a patio,0.1640145480632782,outside,0.19419323206759959
an everyday patio,0.18660958111286163,outside,0.19419323206759959
a realistic patio,0.1581013947725296,outside,0.19419323206759959
a patio with typical furniture,0.11680176109075546,outside,0.19419323206759959
a photo of a yard,0.216079443693161,outside,0.19419323206759959
the interior of a yard,0.19462308287620544,outside,0.19419323206759959
an everyday yard,0.2129148244857788,outside,0.19419323206759959
a realistic yard,0.1851993054151535,outside,0.19419323206759959
a yard with typical furniture,0.134827122092247,outside,0.19419323206759959
garden with a bathroom sink,0.18616057932376862,outside,0.19419323206759959
garden with a kitchen sink,0.1841242015361786,outside,0.19419323206759959
garden showing a toilet seat,0.1659044325351715,outside,0.19419323206759959
garden showing a bed,0.16937628388404846,outside,0.19419323206759959
garden showing a sofa,0.1660209447145462,outside,0.19419323206759959
backyard with a bathroom sink,0.16700588166713715,outside,0.19419323206759959
backyard with a kitchen sink,0.17656581103801727,outside,0.19419323206759959
backyard showing a toilet seat,0.17860455811023712,outside,0.19419323206759959
backyard showing a bed,0.18043330311775208,outside,0.19419323206759959
backyard showing a sofa,0.175014466047287,outside,0.19419323206759959
outdoors with a bathroom sink,0.19303655624389648,outside,0.19419323206759959
outdoors with a kitchen sink,0.2025456726551056,outside,0.19419323206759959
outdoors showing a toilet seat,0.18000321090221405,outside,0.19419323206759959
outdoors showing a bed,0.17908236384391785,outside,0.19419323206759959
outdoors showing a sofa,0.16237083077430725,outside,0.19419323206759959
a grill next to a wall in a patio,0.15310685336589813,outside,0.19419323206759959
a flower bed next to a wall in a patio,0.12548641860485077,outside,0.19419323206759959
a cropped of a planter box in a patio,0.11409114301204681,outside,0.19419323206759959
a cropped of a trees in a patio,0.15963593125343323,outside,0.19419323206759959
the corner of a outdoors showing a deck,0.15491516888141632,outside,0.19419323206759959
a partial view showing watering plants in the garden,0.1423015594482422,outside,0.19419323206759959
a close-up of a fence in a patio,0.13084463775157928,outside,0.19419323206759959
a partial view of a swing in a patio,0.1629636585712433,outside,0.19419323206759959
a top-down of a barbecue in a garden,0.16529890894889832,outside,0.19419323206759959
a lawn next to a wall in a garden,0.15354017913341522,outside,0.19419323206759959
a cropped of a shed in a backyard,0.1810396909713745,outside,0.19419323206759959
a partial view of a outdoor table in a backyard,0.1238660216331482,outside,0.19419323206759959
the corner of a garden showing a planter box,0.10866999626159668,outside,0.19419323206759959
a backyard containing a garden hose,0.16936656832695007,outside,0.19419323206759959
a in a mirror reflection of a outdoors,0.20781309902668,outside,0.19419323206759959
a partial view of a flower bed in a backyard,0.12459144741296768,outside,0.19419323206759959
a low angle showing mowing the lawn in the yard,0.18010489642620087,outside,0.19419323206759959
a through a doorway of a patio,0.17198483645915985,outside,0.19419323206759959
a low angle showing watering plants in the yard,0.1865919530391693,outside,0.19419323206759959
the corner of a backyard showing a flower bed,0.1422959864139557,outside,0.19419323206759959
a cropped showing watering plants in the patio,0.16058285534381866,outside,0.19419323206759959
a backyard countertop showing a trampoline,0.15454906225204468,outside,0.19419323206759959
a partial view of a lawn in a outdoors,0.1348860263824463,outside,0.19419323206759959
a partial view of a stones in a yard,0.1553017944097519,outside,0.19419323206759959
a partial view of a shed in a patio,0.15888281166553497,outside,0.19419323206759959
POV in the backyard looking at the balcony,0.1858157217502594,outside,0.19419323206759959
a partial view of a outdoor table in a yard,0.12057517468929291,outside,0.19419323206759959
a garden with a grill,0.18473149836063385,outside,0.19419323206759959
a cropped of a pathway in a garden,0.11345808207988739,outside,0.19419323206759959
a top-down of a grass in a patio,0.1622745543718338,outside,0.19419323206759959
a backyard countertop showing a stones,0.14327383041381836,outside,0.19419323206759959
a top-down showing mowing the lawn in the yard,0.17235788702964783,outside,0.19419323206759959
a backyard containing a trampoline,0.1532909870147705,outside,0.19419323206759959
POV in the yard looking at the planter box,0.1559690535068512,outside,0.19419323206759959
a patio with a garden hose,0.1611442267894745,outside,0.19419323206759959
a outdoors with a pathway,0.1659604012966156,outside,0.19419323206759959
a low angle of a deck in a patio,0.17766982316970825,outside,0.19419323206759959
a stones next to a wall in a patio,0.16314737498760223,outside,0.19419323206759959
a backyard where someone is gardening,0.17804977297782898,outside,0.19419323206759959
a garden containing a trees,0.15914534032344818,outside,0.19419323206759959
a outdoors containing a barbecue,0.1656142920255661,outside,0.19419323206759959
a low angle of a lawn in a outdoors,0.17022450268268585,outside,0.19419323206759959
a corner of the room of a barbecue in a garden,0.1737382709980011,outside,0.19419323206759959
POV in the patio looking at the patio furniture,0.1770438849925995,outside,0.19419323206759959
a balcony next to a wall in a outdoors,0.17296373844146729,outside,0.19419323206759959
yard showing a sofa,0.19007939100265503,outside,0.19419323206759959
a corner of the room of a balcony in a yard,0.1934356391429901,outside,0.19419323206759959
a corner of the room showing watering plants in the garden,0.17405924201011658,outside,0.19419323206759959
a garden with a flower bed,0.16267943382263184,outside,0.19419323206759959
a cropped of a trees in a garden,0.15544834733009338,outside,0.19419323206759959
